time_bucket,time_range,price_delta_bucket,price_delta_label,count_up,count_down,total,p_up,p_down,p_up_wilson_lower,p_up_wilson_upper,beta_alpha,beta_beta,confidence_level
0,0:00-0:30,-6,< -$300,0,1,1,0.0000,1.0000,0.0000,0.7935,1.00,2.00,Unreliable
0,0:00-0:30,-5,-$300 to -$200,3,3,6,0.5000,0.5000,0.1876,0.8124,4.00,4.00,Unreliable
0,0:00-0:30,-4,-$200 to -$100,12,27,39,0.3077,0.6923,0.1857,0.4642,13.00,28.00,Moderate
0,0:00-0:30,-3,-$100 to -$50,51,87,138,0.3696,0.6304,0.2936,0.4526,52.00,88.00,Strong
0,0:00-0:30,-2,-$50 to -$20,130,177,307,0.4235,0.5765,0.3695,0.4793,131.00,178.00,Strong
0,0:00-0:30,-1,-$20 to $0,177,180,357,0.4958,0.5042,0.4443,0.5474,178.00,181.00,Strong
0,0:00-0:30,0,$0 to +$20,207,180,387,0.5349,0.4651,0.4851,0.5840,208.00,181.00,Strong
0,0:00-0:30,1,+$20 to +$50,163,132,295,0.5525,0.4475,0.4955,0.6082,164.00,133.00,Strong
0,0:00-0:30,2,+$50 to +$100,89,57,146,0.6096,0.3904,0.5286,0.6849,90.00,58.00,Strong
0,0:00-0:30,3,+$100 to +$200,28,14,42,0.6667,0.3333,0.5155,0.7899,29.00,15.00,Moderate
0,0:00-0:30,4,+$200 to +$300,1,3,4,0.2500,0.7500,0.0456,0.6994,2.00,4.00,Unreliable
0,0:00-0:30,5,> +$300,3,0,3,1.0000,0.0000,0.4385,1.0000,4.00,1.00,Unreliable
1,0:30-1:00,-6,< -$300,0,1,1,0.0000,1.0000,0.0000,0.7935,1.00,2.00,Unreliable
1,0:30-1:00,-5,-$300 to -$200,2,10,12,0.1667,0.8333,0.0470,0.4480,3.00,11.00,Weak
1,0:30-1:00,-4,-$200 to -$100,27,53,80,0.3375,0.6625,0.2435,0.4464,28.00,54.00,Moderate
1,0:30-1:00,-3,-$100 to -$50,77,136,213,0.3615,0.6385,0.3000,0.4280,78.00,137.00,Strong
1,0:30-1:00,-2,-$50 to -$20,129,180,309,0.4175,0.5825,0.3638,0.4731,130.00,181.00,Strong
1,0:30-1:00,-1,-$20 to $0,115,152,267,0.4307,0.5693,0.3727,0.4907,116.00,153.00,Strong
1,0:30-1:00,0,$0 to +$20,149,107,256,0.5820,0.4180,0.5208,0.6408,150.00,108.00,Strong
1,0:30-1:00,1,+$20 to +$50,163,126,289,0.5640,0.4360,0.5064,0.6200,164.00,127.00,Strong
1,0:30-1:00,2,+$50 to +$100,127,66,193,0.6580,0.3420,0.5886,0.7213,128.00,67.00,Strong
1,0:30-1:00,3,+$100 to +$200,68,26,94,0.7234,0.2766,0.6256,0.8037,69.00,27.00,Moderate
1,0:30-1:00,4,+$200 to +$300,4,3,7,0.5714,0.4286,0.2505,0.8418,5.00,4.00,Unreliable
1,0:30-1:00,5,> +$300,3,1,4,0.7500,0.2500,0.3006,0.9544,4.00,2.00,Unreliable
2,1:00-1:30,-6,< -$300,1,6,7,0.1429,0.8571,0.0257,0.5131,2.00,7.00,Unreliable
2,1:00-1:30,-5,-$300 to -$200,4,21,25,0.1600,0.8400,0.0640,0.3465,5.00,22.00,Weak
2,1:00-1:30,-4,-$200 to -$100,33,101,134,0.2463,0.7537,0.1811,0.3256,34.00,102.00,Strong
2,1:00-1:30,-3,-$100 to -$50,93,165,258,0.3605,0.6395,0.3043,0.4207,94.00,166.00,Strong
2,1:00-1:30,-2,-$50 to -$20,111,163,274,0.4051,0.5949,0.3487,0.4642,112.00,164.00,Strong
2,1:00-1:30,-1,-$20 to $0,106,96,202,0.5248,0.4752,0.4561,0.5925,107.00,97.00,Strong
2,1:00-1:30,0,$0 to +$20,113,102,215,0.5256,0.4744,0.4590,0.5913,114.00,103.00,Strong
2,1:00-1:30,1,+$20 to +$50,139,109,248,0.5605,0.4395,0.4983,0.6209,140.00,110.00,Strong
2,1:00-1:30,2,+$50 to +$100,149,68,217,0.6866,0.3134,0.6221,0.7447,150.00,69.00,Strong
2,1:00-1:30,3,+$100 to +$200,96,22,118,0.8136,0.1864,0.7338,0.8735,97.00,23.00,Strong
2,1:00-1:30,4,+$200 to +$300,15,5,20,0.7500,0.2500,0.5313,0.8881,16.00,6.00,Weak
2,1:00-1:30,5,> +$300,4,3,7,0.5714,0.4286,0.2505,0.8418,5.00,4.00,Unreliable
3,1:30-2:00,-6,< -$300,0,10,10,0.0000,1.0000,0.0000,0.2775,1.00,11.00,Weak
3,1:30-2:00,-5,-$300 to -$200,7,28,35,0.2000,0.8000,0.1004,0.3589,8.00,29.00,Moderate
3,1:30-2:00,-4,-$200 to -$100,39,109,148,0.2635,0.7365,0.1992,0.3398,40.00,110.00,Strong
3,1:30-2:00,-3,-$100 to -$50,88,182,270,0.3259,0.6741,0.2728,0.3839,89.00,183.00,Strong
3,1:30-2:00,-2,-$50 to -$20,104,163,267,0.3895,0.6105,0.3330,0.4492,105.00,164.00,Strong
3,1:30-2:00,-1,-$20 to $0,102,78,180,0.5667,0.4333,0.4936,0.6369,103.00,79.00,Strong
3,1:30-2:00,0,$0 to +$20,99,87,186,0.5323,0.4677,0.4606,0.6026,100.00,88.00,Strong
3,1:30-2:00,1,+$20 to +$50,126,85,211,0.5972,0.4028,0.5298,0.6610,127.00,86.00,Strong
3,1:30-2:00,2,+$50 to +$100,147,83,230,0.6391,0.3609,0.5752,0.6984,148.00,84.00,Strong
3,1:30-2:00,3,+$100 to +$200,118,24,142,0.8310,0.1690,0.7608,0.8837,119.00,25.00,Strong
3,1:30-2:00,4,+$200 to +$300,30,9,39,0.7692,0.2308,0.6166,0.8735,31.00,10.00,Moderate
3,1:30-2:00,5,> +$300,4,3,7,0.5714,0.4286,0.2505,0.8418,5.00,4.00,Unreliable
4,2:00-2:30,-6,< -$300,1,19,20,0.0500,0.9500,0.0089,0.2361,2.00,20.00,Weak
4,2:00-2:30,-5,-$300 to -$200,7,42,49,0.1429,0.8571,0.0710,0.2667,8.00,43.00,Moderate
4,2:00-2:30,-4,-$200 to -$100,47,115,162,0.2901,0.7099,0.2257,0.3642,48.00,116.00,Strong
4,2:00-2:30,-3,-$100 to -$50,77,193,270,0.2852,0.7148,0.2346,0.3418,78.00,194.00,Strong
4,2:00-2:30,-2,-$50 to -$20,94,136,230,0.4087,0.5913,0.3472,0.4732,95.00,137.00,Strong
4,2:00-2:30,-1,-$20 to $0,90,77,167,0.5389,0.4611,0.4633,0.6128,91.00,78.00,Strong
4,2:00-2:30,0,$0 to +$20,82,86,168,0.4881,0.5119,0.4136,0.5631,83.00,87.00,Strong
4,2:00-2:30,1,+$20 to +$50,129,92,221,0.5837,0.4163,0.5178,0.6467,130.00,93.00,Strong
4,2:00-2:30,2,+$50 to +$100,154,61,215,0.7163,0.2837,0.6526,0.7723,155.00,62.00,Strong
4,2:00-2:30,3,+$100 to +$200,131,31,162,0.8086,0.1914,0.7412,0.8618,132.00,32.00,Strong
4,2:00-2:30,4,+$200 to +$300,38,5,43,0.8837,0.1163,0.7552,0.9493,39.00,6.00,Moderate
4,2:00-2:30,5,> +$300,14,4,18,0.7778,0.2222,0.5478,0.9100,15.00,5.00,Weak
5,2:30-3:00,-6,< -$300,4,17,21,0.1905,0.8095,0.0767,0.4000,5.00,18.00,Weak
5,2:30-3:00,-5,-$300 to -$200,7,46,53,0.1321,0.8679,0.0655,0.2484,8.00,47.00,Moderate
5,2:30-3:00,-4,-$200 to -$100,54,143,197,0.2741,0.7259,0.2166,0.3403,55.00,144.00,Strong
5,2:30-3:00,-3,-$100 to -$50,59,209,268,0.2201,0.7799,0.1747,0.2735,60.00,210.00,Strong
5,2:30-3:00,-2,-$50 to -$20,100,113,213,0.4695,0.5305,0.4036,0.5365,101.00,114.00,Strong
5,2:30-3:00,-1,-$20 to $0,68,64,132,0.5152,0.4848,0.4307,0.5988,69.00,65.00,Strong
5,2:30-3:00,0,$0 to +$20,95,71,166,0.5723,0.4277,0.4962,0.6451,96.00,72.00,Strong
5,2:30-3:00,1,+$20 to +$50,130,85,215,0.6047,0.3953,0.5380,0.6676,131.00,86.00,Strong
5,2:30-3:00,2,+$50 to +$100,156,64,220,0.7091,0.2909,0.6459,0.7651,157.00,65.00,Strong
5,2:30-3:00,3,+$100 to +$200,129,38,167,0.7725,0.2275,0.7032,0.8295,130.00,39.00,Strong
5,2:30-3:00,4,+$200 to +$300,44,6,50,0.8800,0.1200,0.7619,0.9438,45.00,7.00,Moderate
5,2:30-3:00,5,> +$300,18,5,23,0.7826,0.2174,0.5810,0.9034,19.00,6.00,Weak
6,3:00-3:30,-6,< -$300,3,31,34,0.0882,0.9118,0.0305,0.2296,4.00,32.00,Moderate
6,3:00-3:30,-5,-$300 to -$200,11,54,65,0.1692,0.8308,0.0972,0.2782,12.00,55.00,Moderate
6,3:00-3:30,-4,-$200 to -$100,51,169,220,0.2318,0.7682,0.1809,0.2919,52.00,170.00,Strong
6,3:00-3:30,-3,-$100 to -$50,83,169,252,0.3294,0.6706,0.2743,0.3896,84.00,170.00,Strong
6,3:00-3:30,-2,-$50 to -$20,77,100,177,0.4350,0.5650,0.3641,0.5087,78.00,101.00,Strong
6,3:00-3:30,-1,-$20 to $0,66,73,139,0.4748,0.5252,0.3936,0.5574,67.00,74.00,Strong
6,3:00-3:30,0,$0 to +$20,72,64,136,0.5294,0.4706,0.4459,0.6113,73.00,65.00,Strong
6,3:00-3:30,1,+$20 to +$50,126,81,207,0.6087,0.3913,0.5408,0.6726,127.00,82.00,Strong
6,3:00-3:30,2,+$50 to +$100,156,69,225,0.6933,0.3067,0.6303,0.7499,157.00,70.00,Strong
6,3:00-3:30,3,+$100 to +$200,143,39,182,0.7857,0.2143,0.7205,0.8391,144.00,40.00,Strong
6,3:00-3:30,4,+$200 to +$300,48,6,54,0.8889,0.1111,0.7781,0.9481,49.00,7.00,Moderate
6,3:00-3:30,5,> +$300,28,6,34,0.8235,0.1765,0.6649,0.9165,29.00,7.00,Moderate
7,3:30-4:00,-6,< -$300,3,41,44,0.0682,0.9318,0.0235,0.1823,4.00,42.00,Moderate
7,3:30-4:00,-5,-$300 to -$200,11,53,64,0.1719,0.8281,0.0988,0.2821,12.00,54.00,Moderate
7,3:30-4:00,-4,-$200 to -$100,54,183,237,0.2278,0.7722,0.1790,0.2853,55.00,184.00,Strong
7,3:30-4:00,-3,-$100 to -$50,82,176,258,0.3178,0.6822,0.2640,0.3770,83.00,177.00,Strong
7,3:30-4:00,-2,-$50 to -$20,63,94,157,0.4013,0.5987,0.3278,0.4794,64.00,95.00,Strong
7,3:30-4:00,-1,-$20 to $0,72,60,132,0.5455,0.4545,0.4604,0.6279,73.00,61.00,Strong
7,3:30-4:00,0,$0 to +$20,83,62,145,0.5724,0.4276,0.4910,0.6500,84.00,63.00,Strong
7,3:30-4:00,1,+$20 to +$50,108,80,188,0.5745,0.4255,0.5030,0.6430,109.00,81.00,Strong
7,3:30-4:00,2,+$50 to +$100,152,62,214,0.7103,0.2897,0.6462,0.7669,153.00,63.00,Strong
7,3:30-4:00,3,+$100 to +$200,151,35,186,0.8118,0.1882,0.7496,0.8615,152.00,36.00,Strong
7,3:30-4:00,4,+$200 to +$300,55,9,64,0.8594,0.1406,0.7538,0.9242,56.00,10.00,Moderate
7,3:30-4:00,5,> +$300,30,6,36,0.8333,0.1667,0.6811,0.9213,31.00,7.00,Moderate
8,4:00-4:30,-6,< -$300,4,53,57,0.0702,0.9298,0.0276,0.1670,5.00,54.00,Moderate
8,4:00-4:30,-5,-$300 to -$200,14,67,81,0.1728,0.8272,0.1058,0.2695,15.00,68.00,Moderate
8,4:00-4:30,-4,-$200 to -$100,60,191,251,0.2390,0.7610,0.1905,0.2955,61.00,192.00,Strong
8,4:00-4:30,-3,-$100 to -$50,78,146,224,0.3482,0.6518,0.2889,0.4127,79.00,147.00,Strong
8,4:00-4:30,-2,-$50 to -$20,76,105,181,0.4199,0.5801,0.3504,0.4927,77.00,106.00,Strong
8,4:00-4:30,-1,-$20 to $0,66,70,136,0.4853,0.5147,0.4029,0.5685,67.00,71.00,Strong
8,4:00-4:30,0,$0 to +$20,66,52,118,0.5593,0.4407,0.4693,0.6456,67.00,53.00,Strong
8,4:00-4:30,1,+$20 to +$50,86,63,149,0.5772,0.4228,0.4969,0.6536,87.00,64.00,Strong
8,4:00-4:30,2,+$50 to +$100,158,61,219,0.7215,0.2785,0.6587,0.7766,159.00,62.00,Strong
8,4:00-4:30,3,+$100 to +$200,151,39,190,0.7947,0.2053,0.7317,0.8461,152.00,40.00,Strong
8,4:00-4:30,4,+$200 to +$300,68,11,79,0.8608,0.1392,0.7676,0.9204,69.00,12.00,Moderate
8,4:00-4:30,5,> +$300,37,3,40,0.9250,0.0750,0.8014,0.9742,38.00,4.00,Moderate
9,4:30-5:00,-6,< -$300,4,57,61,0.0656,0.9344,0.0258,0.1568,5.00,58.00,Moderate
9,4:30-5:00,-5,-$300 to -$200,14,73,87,0.1609,0.8391,0.0983,0.2522,15.00,74.00,Moderate
9,4:30-5:00,-4,-$200 to -$100,67,188,255,0.2627,0.7373,0.2125,0.3200,68.00,189.00,Strong
9,4:30-5:00,-3,-$100 to -$50,83,153,236,0.3517,0.6483,0.2936,0.4145,84.00,154.00,Strong
9,4:30-5:00,-2,-$50 to -$20,70,105,175,0.4000,0.6000,0.3303,0.4740,71.00,106.00,Strong
9,4:30-5:00,-1,-$20 to $0,57,63,120,0.4750,0.5250,0.3878,0.5637,58.00,64.00,Strong
9,4:30-5:00,0,$0 to +$20,60,44,104,0.5769,0.4231,0.4809,0.6675,61.00,45.00,Strong
9,4:30-5:00,1,+$20 to +$50,82,63,145,0.5655,0.4345,0.4842,0.6435,83.00,64.00,Strong
9,4:30-5:00,2,+$50 to +$100,149,58,207,0.7198,0.2802,0.6550,0.7766,150.00,59.00,Strong
9,4:30-5:00,3,+$100 to +$200,165,42,207,0.7971,0.2029,0.7371,0.8462,166.00,43.00,Strong
9,4:30-5:00,4,+$200 to +$300,79,11,90,0.8778,0.1222,0.7943,0.9304,80.00,12.00,Moderate
9,4:30-5:00,5,> +$300,34,4,38,0.8947,0.1053,0.7587,0.9583,35.00,5.00,Moderate
10,5:00-5:30,-6,< -$300,5,60,65,0.0769,0.9231,0.0333,0.1678,6.00,61.00,Moderate
10,5:00-5:30,-5,-$300 to -$200,12,77,89,0.1348,0.8652,0.0788,0.2210,13.00,78.00,Moderate
10,5:00-5:30,-4,-$200 to -$100,62,183,245,0.2531,0.7469,0.2027,0.3110,63.00,184.00,Strong
10,5:00-5:30,-3,-$100 to -$50,79,169,248,0.3185,0.6815,0.2637,0.3789,80.00,170.00,Strong
10,5:00-5:30,-2,-$50 to -$20,68,99,167,0.4072,0.5928,0.3356,0.4830,69.00,100.00,Strong
10,5:00-5:30,-1,-$20 to $0,56,61,117,0.4786,0.5214,0.3902,0.5684,57.00,62.00,Strong
10,5:00-5:30,0,$0 to +$20,57,52,109,0.5229,0.4771,0.4300,0.6143,58.00,53.00,Strong
10,5:00-5:30,1,+$20 to +$50,95,46,141,0.6738,0.3262,0.5927,0.7456,96.00,47.00,Strong
10,5:00-5:30,2,+$50 to +$100,132,58,190,0.6947,0.3053,0.6259,0.7558,133.00,59.00,Strong
10,5:00-5:30,3,+$100 to +$200,176,38,214,0.8224,0.1776,0.7657,0.8678,177.00,39.00,Strong
10,5:00-5:30,4,+$200 to +$300,66,12,78,0.8462,0.1538,0.7501,0.9097,67.00,13.00,Moderate
10,5:00-5:30,5,> +$300,56,6,62,0.9032,0.0968,0.8045,0.9549,57.00,7.00,Moderate
11,5:30-6:00,-6,< -$300,7,67,74,0.0946,0.9054,0.0466,0.1826,8.00,68.00,Moderate
11,5:30-6:00,-5,-$300 to -$200,8,73,81,0.0988,0.9012,0.0509,0.1830,9.00,74.00,Moderate
11,5:30-6:00,-4,-$200 to -$100,71,210,281,0.2527,0.7473,0.2054,0.3066,72.00,211.00,Strong
11,5:30-6:00,-3,-$100 to -$50,59,143,202,0.2921,0.7079,0.2337,0.3582,60.00,144.00,Strong
11,5:30-6:00,-2,-$50 to -$20,71,98,169,0.4201,0.5799,0.3483,0.4955,72.00,99.00,Strong
11,5:30-6:00,-1,-$20 to $0,36,62,98,0.3673,0.6327,0.2786,0.4661,37.00,63.00,Moderate
11,5:30-6:00,0,$0 to +$20,61,44,105,0.5810,0.4190,0.4854,0.6708,62.00,45.00,Strong
11,5:30-6:00,1,+$20 to +$50,92,47,139,0.6619,0.3381,0.5798,0.7352,93.00,48.00,Strong
11,5:30-6:00,2,+$50 to +$100,142,62,204,0.6961,0.3039,0.6298,0.7551,143.00,63.00,Strong
11,5:30-6:00,3,+$100 to +$200,182,41,223,0.8161,0.1839,0.7601,0.8615,183.00,42.00,Strong
11,5:30-6:00,4,+$200 to +$300,68,11,79,0.8608,0.1392,0.7676,0.9204,69.00,12.00,Moderate
11,5:30-6:00,5,> +$300,67,3,70,0.9571,0.0429,0.8814,0.9853,68.00,4.00,Moderate
12,6:00-6:30,-6,< -$300,6,64,70,0.0857,0.9143,0.0399,0.1747,7.00,65.00,Moderate
12,6:00-6:30,-5,-$300 to -$200,8,84,92,0.0870,0.9130,0.0447,0.1623,9.00,85.00,Moderate
12,6:00-6:30,-4,-$200 to -$100,61,221,282,0.2163,0.7837,0.1722,0.2680,62.00,222.00,Strong
12,6:00-6:30,-3,-$100 to -$50,58,146,204,0.2843,0.7157,0.2268,0.3498,59.00,147.00,Strong
12,6:00-6:30,-2,-$50 to -$20,65,95,160,0.4062,0.5938,0.3332,0.4837,66.00,96.00,Strong
12,6:00-6:30,-1,-$20 to $0,43,46,89,0.4831,0.5169,0.3822,0.5855,44.00,47.00,Moderate
12,6:00-6:30,0,$0 to +$20,55,44,99,0.5556,0.4444,0.4574,0.6495,56.00,45.00,Moderate
12,6:00-6:30,1,+$20 to +$50,80,47,127,0.6299,0.3701,0.5433,0.7089,81.00,48.00,Strong
12,6:00-6:30,2,+$50 to +$100,145,57,202,0.7178,0.2822,0.6521,0.7754,146.00,58.00,Strong
12,6:00-6:30,3,+$100 to +$200,192,41,233,0.8240,0.1760,0.7700,0.8676,193.00,42.00,Strong
12,6:00-6:30,4,+$200 to +$300,80,8,88,0.9091,0.0909,0.8307,0.9532,81.00,9.00,Moderate
12,6:00-6:30,5,> +$300,71,8,79,0.8987,0.1013,0.8127,0.9478,72.00,9.00,Moderate
13,6:30-7:00,-6,< -$300,7,75,82,0.0854,0.9146,0.0420,0.1659,8.00,76.00,Moderate
13,6:30-7:00,-5,-$300 to -$200,9,80,89,0.1011,0.8989,0.0541,0.1811,10.00,81.00,Moderate
13,6:30-7:00,-4,-$200 to -$100,48,212,260,0.1846,0.8154,0.1422,0.2362,49.00,213.00,Strong
13,6:30-7:00,-3,-$100 to -$50,65,159,224,0.2902,0.7098,0.2347,0.3528,66.00,160.00,Strong
13,6:30-7:00,-2,-$50 to -$20,61,95,156,0.3910,0.6090,0.3179,0.4693,62.00,96.00,Strong
13,6:30-7:00,-1,-$20 to $0,44,47,91,0.4835,0.5165,0.3836,0.5848,45.00,48.00,Moderate
13,6:30-7:00,0,$0 to +$20,50,41,91,0.5495,0.4505,0.4473,0.6476,51.00,42.00,Moderate
13,6:30-7:00,1,+$20 to +$50,80,47,127,0.6299,0.3701,0.5433,0.7089,81.00,48.00,Strong
13,6:30-7:00,2,+$50 to +$100,137,48,185,0.7405,0.2595,0.6729,0.7984,138.00,49.00,Strong
13,6:30-7:00,3,+$100 to +$200,191,40,231,0.8268,0.1732,0.7728,0.8702,192.00,41.00,Strong
13,6:30-7:00,4,+$200 to +$300,99,10,109,0.9083,0.0917,0.8393,0.9494,100.00,11.00,Strong
13,6:30-7:00,5,> +$300,73,7,80,0.9125,0.0875,0.8302,0.9570,74.00,8.00,Moderate
14,7:00-7:30,-6,< -$300,4,76,80,0.0500,0.9500,0.0196,0.1216,5.00,77.00,Moderate
14,7:00-7:30,-5,-$300 to -$200,7,91,98,0.0714,0.9286,0.0350,0.1402,8.00,92.00,Moderate
14,7:00-7:30,-4,-$200 to -$100,48,222,270,0.1778,0.8222,0.1368,0.2278,49.00,223.00,Strong
14,7:00-7:30,-3,-$100 to -$50,55,140,195,0.2821,0.7179,0.2236,0.3490,56.00,141.00,Strong
14,7:00-7:30,-2,-$50 to -$20,59,92,151,0.3907,0.6093,0.3165,0.4703,60.00,93.00,Strong
14,7:00-7:30,-1,-$20 to $0,45,59,104,0.4327,0.5673,0.3415,0.5286,46.00,60.00,Strong
14,7:00-7:30,0,$0 to +$20,55,32,87,0.6322,0.3678,0.5273,0.7259,56.00,33.00,Moderate
14,7:00-7:30,1,+$20 to +$50,85,47,132,0.6439,0.3561,0.5592,0.7205,86.00,48.00,Strong
14,7:00-7:30,2,+$50 to +$100,141,54,195,0.7231,0.2769,0.6564,0.7811,142.00,55.00,Strong
14,7:00-7:30,3,+$100 to +$200,202,34,236,0.8559,0.1441,0.8054,0.8950,203.00,35.00,Strong
14,7:00-7:30,4,+$200 to +$300,81,7,88,0.9205,0.0795,0.8448,0.9609,82.00,8.00,Moderate
14,7:00-7:30,5,> +$300,82,7,89,0.9213,0.0787,0.8464,0.9614,83.00,8.00,Moderate
15,7:30-8:00,-6,< -$300,3,81,84,0.0357,0.9643,0.0122,0.0998,4.00,82.00,Moderate
15,7:30-8:00,-5,-$300 to -$200,4,90,94,0.0426,0.9574,0.0167,0.1044,5.00,91.00,Moderate
15,7:30-8:00,-4,-$200 to -$100,42,228,270,0.1556,0.8444,0.1172,0.2036,43.00,229.00,Strong
15,7:30-8:00,-3,-$100 to -$50,56,156,212,0.2642,0.7358,0.2094,0.3273,57.00,157.00,Strong
15,7:30-8:00,-2,-$50 to -$20,59,76,135,0.4370,0.5630,0.3563,0.5213,60.00,77.00,Strong
15,7:30-8:00,-1,-$20 to $0,46,65,111,0.4144,0.5856,0.3271,0.5074,47.00,66.00,Strong
15,7:30-8:00,0,$0 to +$20,60,24,84,0.7143,0.2857,0.6100,0.7999,61.00,25.00,Moderate
15,7:30-8:00,1,+$20 to +$50,90,49,139,0.6475,0.3525,0.5651,0.7220,91.00,50.00,Strong
15,7:30-8:00,2,+$50 to +$100,133,48,181,0.7348,0.2652,0.6661,0.7938,134.00,49.00,Strong
15,7:30-8:00,3,+$100 to +$200,196,31,227,0.8634,0.1366,0.8127,0.9021,197.00,32.00,Strong
15,7:30-8:00,4,+$200 to +$300,94,8,102,0.9216,0.0784,0.8528,0.9597,95.00,9.00,Strong
15,7:30-8:00,5,> +$300,81,5,86,0.9419,0.0581,0.8710,0.9749,82.00,6.00,Moderate
16,8:00-8:30,-6,< -$300,5,89,94,0.0532,0.9468,0.0229,0.1185,6.00,90.00,Moderate
16,8:00-8:30,-5,-$300 to -$200,1,91,92,0.0109,0.9891,0.0019,0.0590,2.00,92.00,Moderate
16,8:00-8:30,-4,-$200 to -$100,38,236,274,0.1387,0.8613,0.1027,0.1846,39.00,237.00,Strong
16,8:00-8:30,-3,-$100 to -$50,48,152,200,0.2400,0.7600,0.1861,0.3037,49.00,153.00,Strong
16,8:00-8:30,-2,-$50 to -$20,62,86,148,0.4189,0.5811,0.3425,0.4995,63.00,87.00,Strong
16,8:00-8:30,-1,-$20 to $0,59,41,100,0.5900,0.4100,0.4920,0.6813,60.00,42.00,Strong
16,8:00-8:30,0,$0 to +$20,45,40,85,0.5294,0.4706,0.4243,0.6319,46.00,41.00,Moderate
16,8:00-8:30,1,+$20 to +$50,93,38,131,0.7099,0.2901,0.6271,0.7808,94.00,39.00,Strong
16,8:00-8:30,2,+$50 to +$100,123,37,160,0.7688,0.2313,0.6976,0.8273,124.00,38.00,Strong
16,8:00-8:30,3,+$100 to +$200,204,43,247,0.8259,0.1741,0.7737,0.8681,205.00,44.00,Strong
16,8:00-8:30,4,+$200 to +$300,99,6,105,0.9429,0.0571,0.8809,0.9736,100.00,7.00,Strong
16,8:00-8:30,5,> +$300,87,2,89,0.9775,0.0225,0.9217,0.9938,88.00,3.00,Moderate
17,8:30-9:00,-6,< -$300,4,101,105,0.0381,0.9619,0.0149,0.0939,5.00,102.00,Strong
17,8:30-9:00,-5,-$300 to -$200,3,82,85,0.0353,0.9647,0.0121,0.0987,4.00,83.00,Moderate
17,8:30-9:00,-4,-$200 to -$100,34,248,282,0.1206,0.8794,0.0876,0.1638,35.00,249.00,Strong
17,8:30-9:00,-3,-$100 to -$50,56,150,206,0.2718,0.7282,0.2157,0.3364,57.00,151.00,Strong
17,8:30-9:00,-2,-$50 to -$20,46,74,120,0.3833,0.6167,0.3012,0.4727,47.00,75.00,Strong
17,8:30-9:00,-1,-$20 to $0,42,43,85,0.4941,0.5059,0.3904,0.5983,43.00,44.00,Moderate
17,8:30-9:00,0,$0 to +$20,51,41,92,0.5543,0.4457,0.4526,0.6517,52.00,42.00,Moderate
17,8:30-9:00,1,+$20 to +$50,94,37,131,0.7176,0.2824,0.6351,0.7876,95.00,38.00,Strong
17,8:30-9:00,2,+$50 to +$100,148,42,190,0.7789,0.2211,0.7147,0.8321,149.00,43.00,Strong
17,8:30-9:00,3,+$100 to +$200,189,33,222,0.8514,0.1486,0.7986,0.8922,190.00,34.00,Strong
17,8:30-9:00,4,+$200 to +$300,100,8,108,0.9259,0.0741,0.8606,0.9620,101.00,9.00,Strong
17,8:30-9:00,5,> +$300,97,2,99,0.9798,0.0202,0.9293,0.9944,98.00,3.00,Moderate
18,9:00-9:30,-6,< -$300,2,103,105,0.0190,0.9810,0.0052,0.0668,3.00,104.00,Strong
18,9:00-9:30,-5,-$300 to -$200,3,98,101,0.0297,0.9703,0.0102,0.0837,4.00,99.00,Strong
18,9:00-9:30,-4,-$200 to -$100,32,239,271,0.1181,0.8819,0.0849,0.1619,33.00,240.00,Strong
18,9:00-9:30,-3,-$100 to -$50,50,164,214,0.2336,0.7664,0.1820,0.2947,51.00,165.00,Strong
18,9:00-9:30,-2,-$50 to -$20,42,75,117,0.3590,0.6410,0.2778,0.4491,43.00,76.00,Strong
18,9:00-9:30,-1,-$20 to $0,47,40,87,0.5402,0.4598,0.4360,0.6410,48.00,41.00,Moderate
18,9:00-9:30,0,$0 to +$20,50,36,86,0.5814,0.4186,0.4758,0.6800,51.00,37.00,Moderate
18,9:00-9:30,1,+$20 to +$50,92,31,123,0.7480,0.2520,0.6645,0.8164,93.00,32.00,Strong
18,9:00-9:30,2,+$50 to +$100,140,32,172,0.8140,0.1860,0.7492,0.8650,141.00,33.00,Strong
18,9:00-9:30,3,+$100 to +$200,204,33,237,0.8608,0.1392,0.8109,0.8991,205.00,34.00,Strong
18,9:00-9:30,4,+$200 to +$300,104,6,110,0.9455,0.0545,0.8861,0.9748,105.00,7.00,Strong
18,9:00-9:30,5,> +$300,98,4,102,0.9608,0.0392,0.9035,0.9846,99.00,5.00,Strong
19,9:30-10:00,-6,< -$300,3,108,111,0.0270,0.9730,0.0092,0.0765,4.00,109.00,Strong
19,9:30-10:00,-5,-$300 to -$200,4,105,109,0.0367,0.9633,0.0144,0.0906,5.00,106.00,Strong
19,9:30-10:00,-4,-$200 to -$100,30,237,267,0.1124,0.8876,0.0798,0.1559,31.00,238.00,Strong
19,9:30-10:00,-3,-$100 to -$50,33,155,188,0.1755,0.8245,0.1278,0.2363,34.00,156.00,Strong
19,9:30-10:00,-2,-$50 to -$20,54,82,136,0.3971,0.6029,0.3187,0.4810,55.00,83.00,Strong
19,9:30-10:00,-1,-$20 to $0,41,37,78,0.5256,0.4744,0.4162,0.6326,42.00,38.00,Moderate
19,9:30-10:00,0,$0 to +$20,61,29,90,0.6778,0.3222,0.5757,0.7653,62.00,30.00,Moderate
19,9:30-10:00,1,+$20 to +$50,81,34,115,0.7043,0.2957,0.6154,0.7801,82.00,35.00,Strong
19,9:30-10:00,2,+$50 to +$100,149,35,184,0.8098,0.1902,0.7470,0.8599,150.00,36.00,Strong
19,9:30-10:00,3,+$100 to +$200,198,31,229,0.8646,0.1354,0.8143,0.9030,199.00,32.00,Strong
19,9:30-10:00,4,+$200 to +$300,103,6,109,0.9450,0.0550,0.8851,0.9745,104.00,7.00,Strong
19,9:30-10:00,5,> +$300,107,2,109,0.9817,0.0183,0.9356,0.9950,108.00,3.00,Strong
20,10:00-10:30,-6,< -$300,1,117,118,0.0085,0.9915,0.0015,0.0464,2.00,118.00,Strong
20,10:00-10:30,-5,-$300 to -$200,4,104,108,0.0370,0.9630,0.0145,0.0914,5.00,105.00,Strong
20,10:00-10:30,-4,-$200 to -$100,22,231,253,0.0870,0.9130,0.0581,0.1281,23.00,232.00,Strong
20,10:00-10:30,-3,-$100 to -$50,36,153,189,0.1905,0.8095,0.1409,0.2524,37.00,154.00,Strong
20,10:00-10:30,-2,-$50 to -$20,37,78,115,0.3217,0.6783,0.2433,0.4117,38.00,79.00,Strong
20,10:00-10:30,-1,-$20 to $0,35,51,86,0.4070,0.5930,0.3093,0.5126,36.00,52.00,Moderate
20,10:00-10:30,0,$0 to +$20,58,32,90,0.6444,0.3556,0.5415,0.7356,59.00,33.00,Moderate
20,10:00-10:30,1,+$20 to +$50,95,32,127,0.7480,0.2520,0.6660,0.8155,96.00,33.00,Strong
20,10:00-10:30,2,+$50 to +$100,145,33,178,0.8146,0.1854,0.7511,0.8648,146.00,34.00,Strong
20,10:00-10:30,3,+$100 to +$200,203,24,227,0.8943,0.1057,0.8475,0.9279,204.00,25.00,Strong
20,10:00-10:30,4,+$200 to +$300,117,4,121,0.9669,0.0331,0.9181,0.9871,118.00,5.00,Strong
20,10:00-10:30,5,> +$300,111,2,113,0.9823,0.0177,0.9378,0.9951,112.00,3.00,Strong
21,10:30-11:00,-6,< -$300,1,121,122,0.0082,0.9918,0.0014,0.0450,2.00,122.00,Strong
21,10:30-11:00,-5,-$300 to -$200,1,106,107,0.0093,0.9907,0.0017,0.0511,2.00,107.00,Strong
21,10:30-11:00,-4,-$200 to -$100,18,223,241,0.0747,0.9253,0.0478,0.1150,19.00,224.00,Strong
21,10:30-11:00,-3,-$100 to -$50,33,166,199,0.1658,0.8342,0.1206,0.2237,34.00,167.00,Strong
21,10:30-11:00,-2,-$50 to -$20,32,86,118,0.2712,0.7288,0.1991,0.3577,33.00,87.00,Strong
21,10:30-11:00,-1,-$20 to $0,44,43,87,0.5057,0.4943,0.4027,0.6083,45.00,44.00,Moderate
21,10:30-11:00,0,$0 to +$20,56,31,87,0.6437,0.3563,0.5389,0.7363,57.00,32.00,Moderate
21,10:30-11:00,1,+$20 to +$50,83,29,112,0.7411,0.2589,0.6529,0.8132,84.00,30.00,Strong
21,10:30-11:00,2,+$50 to +$100,151,31,182,0.8297,0.1703,0.7684,0.8773,152.00,32.00,Strong
21,10:30-11:00,3,+$100 to +$200,213,18,231,0.9221,0.0779,0.8802,0.9501,214.00,19.00,Strong
21,10:30-11:00,4,+$200 to +$300,112,4,116,0.9655,0.0345,0.9147,0.9865,113.00,5.00,Strong
21,10:30-11:00,5,> +$300,120,3,123,0.9756,0.0244,0.9307,0.9917,121.00,4.00,Strong
22,11:00-11:30,-6,< -$300,2,122,124,0.0161,0.9839,0.0044,0.0569,3.00,123.00,Strong
22,11:00-11:30,-5,-$300 to -$200,1,122,123,0.0081,0.9919,0.0014,0.0446,2.00,123.00,Strong
22,11:00-11:30,-4,-$200 to -$100,15,225,240,0.0625,0.9375,0.0382,0.1005,16.00,226.00,Strong
22,11:00-11:30,-3,-$100 to -$50,19,161,180,0.1056,0.8944,0.0686,0.1590,20.00,162.00,Strong
22,11:00-11:30,-2,-$50 to -$20,39,82,121,0.3223,0.6777,0.2456,0.4099,40.00,83.00,Strong
22,11:00-11:30,-1,-$20 to $0,34,41,75,0.4533,0.5467,0.3457,0.5655,35.00,42.00,Moderate
22,11:00-11:30,0,$0 to +$20,57,28,85,0.6706,0.3294,0.5652,0.7612,58.00,29.00,Moderate
22,11:00-11:30,1,+$20 to +$50,89,34,123,0.7236,0.2764,0.6387,0.7949,90.00,35.00,Strong
22,11:00-11:30,2,+$50 to +$100,142,28,170,0.8353,0.1647,0.7723,0.8835,143.00,29.00,Strong
22,11:00-11:30,3,+$100 to +$200,225,15,240,0.9375,0.0625,0.8995,0.9618,226.00,16.00,Strong
22,11:00-11:30,4,+$200 to +$300,115,1,116,0.9914,0.0086,0.9528,0.9985,116.00,2.00,Strong
22,11:00-11:30,5,> +$300,126,2,128,0.9844,0.0156,0.9448,0.9957,127.00,3.00,Strong
23,11:30-12:00,-6,< -$300,1,117,118,0.0085,0.9915,0.0015,0.0464,2.00,118.00,Strong
23,11:30-12:00,-5,-$300 to -$200,2,137,139,0.0144,0.9856,0.0040,0.0509,3.00,138.00,Strong
23,11:30-12:00,-4,-$200 to -$100,10,216,226,0.0442,0.9558,0.0242,0.0795,11.00,217.00,Strong
23,11:30-12:00,-3,-$100 to -$50,20,162,182,0.1099,0.8901,0.0723,0.1636,21.00,163.00,Strong
23,11:30-12:00,-2,-$50 to -$20,30,85,115,0.2609,0.7391,0.1893,0.3479,31.00,86.00,Strong
23,11:30-12:00,-1,-$20 to $0,36,40,76,0.4737,0.5263,0.3654,0.5845,37.00,41.00,Moderate
23,11:30-12:00,0,$0 to +$20,49,30,79,0.6203,0.3797,0.5100,0.7193,50.00,31.00,Moderate
23,11:30-12:00,1,+$20 to +$50,93,36,129,0.7209,0.2791,0.6380,0.7911,94.00,37.00,Strong
23,11:30-12:00,2,+$50 to +$100,159,21,180,0.8833,0.1167,0.8282,0.9224,160.00,22.00,Strong
23,11:30-12:00,3,+$100 to +$200,209,14,223,0.9372,0.0628,0.8974,0.9622,210.00,15.00,Strong
23,11:30-12:00,4,+$200 to +$300,118,2,120,0.9833,0.0167,0.9413,0.9954,119.00,3.00,Strong
23,11:30-12:00,5,> +$300,137,1,138,0.9928,0.0072,0.9601,0.9987,138.00,2.00,Strong
24,12:00-12:30,-6,< -$300,0,123,123,0.0000,1.0000,0.0000,0.0303,1.00,124.00,Strong
24,12:00-12:30,-5,-$300 to -$200,1,133,134,0.0075,0.9925,0.0013,0.0411,2.00,134.00,Strong
24,12:00-12:30,-4,-$200 to -$100,4,223,227,0.0176,0.9824,0.0069,0.0444,5.00,224.00,Strong
24,12:00-12:30,-3,-$100 to -$50,18,167,185,0.0973,0.9027,0.0624,0.1485,19.00,168.00,Strong
24,12:00-12:30,-2,-$50 to -$20,28,74,102,0.2745,0.7255,0.1973,0.3681,29.00,75.00,Strong
24,12:00-12:30,-1,-$20 to $0,27,38,65,0.4154,0.5846,0.3036,0.5366,28.00,39.00,Moderate
24,12:00-12:30,0,$0 to +$20,44,30,74,0.5946,0.4054,0.4808,0.6991,45.00,31.00,Moderate
24,12:00-12:30,1,+$20 to +$50,97,40,137,0.7080,0.2920,0.6271,0.7777,98.00,41.00,Strong
24,12:00-12:30,2,+$50 to +$100,159,16,175,0.9086,0.0914,0.8567,0.9429,160.00,17.00,Strong
24,12:00-12:30,3,+$100 to +$200,220,11,231,0.9524,0.0476,0.9168,0.9732,221.00,12.00,Strong
24,12:00-12:30,4,+$200 to +$300,126,6,132,0.9545,0.0455,0.9044,0.9790,127.00,7.00,Strong
24,12:00-12:30,5,> +$300,140,0,140,1.0000,0.0000,0.9733,1.0000,141.00,1.00,Strong
25,12:30-13:00,-6,< -$300,0,136,136,0.0000,1.0000,0.0000,0.0275,1.00,137.00,Strong
25,12:30-13:00,-5,-$300 to -$200,2,120,122,0.0164,0.9836,0.0045,0.0578,3.00,121.00,Strong
25,12:30-13:00,-4,-$200 to -$100,3,231,234,0.0128,0.9872,0.0044,0.0370,4.00,232.00,Strong
25,12:30-13:00,-3,-$100 to -$50,12,173,185,0.0649,0.9351,0.0375,0.1099,13.00,174.00,Strong
25,12:30-13:00,-2,-$50 to -$20,23,70,93,0.2473,0.7527,0.1708,0.3439,24.00,71.00,Moderate
25,12:30-13:00,-1,-$20 to $0,34,50,84,0.4048,0.5952,0.3062,0.5117,35.00,51.00,Moderate
25,12:30-13:00,0,$0 to +$20,44,30,74,0.5946,0.4054,0.4808,0.6991,45.00,31.00,Moderate
25,12:30-13:00,1,+$20 to +$50,101,25,126,0.8016,0.1984,0.7235,0.8618,102.00,26.00,Strong
25,12:30-13:00,2,+$50 to +$100,167,15,182,0.9176,0.0824,0.8685,0.9494,168.00,16.00,Strong
25,12:30-13:00,3,+$100 to +$200,212,8,220,0.9636,0.0364,0.9299,0.9815,213.00,9.00,Strong
25,12:30-13:00,4,+$200 to +$300,120,3,123,0.9756,0.0244,0.9307,0.9917,121.00,4.00,Strong
25,12:30-13:00,5,> +$300,146,0,146,1.0000,0.0000,0.9744,1.0000,147.00,1.00,Strong
26,13:00-13:30,-6,< -$300,0,148,148,0.0000,1.0000,0.0000,0.0253,1.00,149.00,Strong
26,13:00-13:30,-5,-$300 to -$200,0,125,125,0.0000,1.0000,0.0000,0.0298,1.00,126.00,Strong
26,13:00-13:30,-4,-$200 to -$100,2,239,241,0.0083,0.9917,0.0023,0.0297,3.00,240.00,Strong
26,13:00-13:30,-3,-$100 to -$50,11,154,165,0.0667,0.9333,0.0376,0.1154,12.00,155.00,Strong
26,13:00-13:30,-2,-$50 to -$20,22,94,116,0.1897,0.8103,0.1287,0.2705,23.00,95.00,Strong
26,13:00-13:30,-1,-$20 to $0,24,42,66,0.3636,0.6364,0.2581,0.4842,25.00,43.00,Moderate
26,13:00-13:30,0,$0 to +$20,59,33,92,0.6413,0.3587,0.5395,0.7318,60.00,34.00,Moderate
26,13:00-13:30,1,+$20 to +$50,90,14,104,0.8654,0.1346,0.7866,0.9181,91.00,15.00,Strong
26,13:00-13:30,2,+$50 to +$100,162,7,169,0.9586,0.0414,0.9170,0.9798,163.00,8.00,Strong
26,13:00-13:30,3,+$100 to +$200,218,4,222,0.9820,0.0180,0.9546,0.9930,219.00,5.00,Strong
26,13:00-13:30,4,+$200 to +$300,128,1,129,0.9922,0.0078,0.9574,0.9986,129.00,2.00,Strong
26,13:00-13:30,5,> +$300,148,0,148,1.0000,0.0000,0.9747,1.0000,149.00,1.00,Strong
27,13:30-14:00,-6,< -$300,0,154,154,0.0000,1.0000,0.0000,0.0243,1.00,155.00,Strong
27,13:30-14:00,-5,-$300 to -$200,0,118,118,0.0000,1.0000,0.0000,0.0315,1.00,119.00,Strong
27,13:30-14:00,-4,-$200 to -$100,1,241,242,0.0041,0.9959,0.0007,0.0230,2.00,242.00,Strong
27,13:30-14:00,-3,-$100 to -$50,5,163,168,0.0298,0.9702,0.0128,0.0678,6.00,164.00,Strong
27,13:30-14:00,-2,-$50 to -$20,16,86,102,0.1569,0.8431,0.0989,0.2397,17.00,87.00,Strong
27,13:30-14:00,-1,-$20 to $0,29,47,76,0.3816,0.6184,0.2806,0.4940,30.00,48.00,Moderate
27,13:30-14:00,0,$0 to +$20,53,25,78,0.6795,0.3205,0.5696,0.7725,54.00,26.00,Moderate
27,13:30-14:00,1,+$20 to +$50,94,16,110,0.8545,0.1455,0.7767,0.9084,95.00,17.00,Strong
27,13:30-14:00,2,+$50 to +$100,157,8,165,0.9515,0.0485,0.9073,0.9752,158.00,9.00,Strong
27,13:30-14:00,3,+$100 to +$200,223,3,226,0.9867,0.0133,0.9617,0.9955,224.00,4.00,Strong
27,13:30-14:00,4,+$200 to +$300,136,0,136,1.0000,0.0000,0.9725,1.0000,137.00,1.00,Strong
27,13:30-14:00,5,> +$300,150,0,150,1.0000,0.0000,0.9750,1.0000,151.00,1.00,Strong
28,14:00-14:30,-6,< -$300,0,162,162,0.0000,1.0000,0.0000,0.0232,1.00,163.00,Strong
28,14:00-14:30,-5,-$300 to -$200,0,120,120,0.0000,1.0000,0.0000,0.0310,1.00,121.00,Strong
28,14:00-14:30,-4,-$200 to -$100,0,227,227,0.0000,1.0000,0.0000,0.0166,1.00,228.00,Strong
28,14:00-14:30,-3,-$100 to -$50,1,172,173,0.0058,0.9942,0.0010,0.0320,2.00,173.00,Strong
28,14:00-14:30,-2,-$50 to -$20,7,96,103,0.0680,0.9320,0.0333,0.1337,8.00,97.00,Strong
28,14:00-14:30,-1,-$20 to $0,26,55,81,0.3210,0.6790,0.2294,0.4288,27.00,56.00,Moderate
28,14:00-14:30,0,$0 to +$20,56,17,73,0.7671,0.2329,0.6583,0.8492,57.00,18.00,Moderate
28,14:00-14:30,1,+$20 to +$50,119,10,129,0.9225,0.0775,0.8632,0.9574,120.00,11.00,Strong
28,14:00-14:30,2,+$50 to +$100,141,1,142,0.9930,0.0070,0.9612,0.9988,142.00,2.00,Strong
28,14:00-14:30,3,+$100 to +$200,224,1,225,0.9956,0.0044,0.9753,0.9992,225.00,2.00,Strong
28,14:00-14:30,4,+$200 to +$300,132,0,132,1.0000,0.0000,0.9717,1.0000,133.00,1.00,Strong
28,14:00-14:30,5,> +$300,158,0,158,1.0000,0.0000,0.9763,1.0000,159.00,1.00,Strong
29,14:30-15:00,-6,< -$300,0,173,173,0.0000,1.0000,0.0000,0.0217,1.00,174.00,Strong
29,14:30-15:00,-5,-$300 to -$200,0,102,102,0.0000,1.0000,0.0000,0.0363,1.00,103.00,Strong
29,14:30-15:00,-4,-$200 to -$100,0,242,242,0.0000,1.0000,0.0000,0.0156,1.00,243.00,Strong
29,14:30-15:00,-3,-$100 to -$50,0,162,162,0.0000,1.0000,0.0000,0.0232,1.00,163.00,Strong
29,14:30-15:00,-2,-$50 to -$20,0,108,108,0.0000,1.0000,0.0000,0.0343,1.00,109.00,Strong
29,14:30-15:00,-1,-$20 to $0,0,74,74,0.0000,1.0000,0.0000,0.0494,1.00,75.00,Moderate
29,14:30-15:00,0,$0 to +$20,85,0,85,1.0000,0.0000,0.9568,1.0000,86.00,1.00,Moderate
29,14:30-15:00,1,+$20 to +$50,117,0,117,1.0000,0.0000,0.9682,1.0000,118.00,1.00,Strong
29,14:30-15:00,2,+$50 to +$100,152,0,152,1.0000,0.0000,0.9753,1.0000,153.00,1.00,Strong
29,14:30-15:00,3,+$100 to +$200,219,0,219,1.0000,0.0000,0.9828,1.0000,220.00,1.00,Strong
29,14:30-15:00,4,+$200 to +$300,127,0,127,1.0000,0.0000,0.9706,1.0000,128.00,1.00,Strong
29,14:30-15:00,5,> +$300,164,0,164,1.0000,0.0000,0.9771,1.0000,165.00,1.00,Strong
